,model,top_k,model_top_k_name,right_answer_format,valid_icpc_2_code_rate,relevant_code_is_in_search_results,selected_code_is_in_search_results,selected_code_is_in_relevant_codes,selected_code_is_in_relevant_codes_and_in_search_results,precision,recall,f1_score,ideal_scn_precision,ideal_scn_recall,ideal_scn_f1_score
11,gpt-4.5-preview,100,gpt-4.5-preview-top-100,1.0,1.0,0.8597701149425288,0.9799498746867168,0.7471264367816092,0.8609625668449198,0.8145363408521303,0.9420289855072463,0.8736559139784947,0.8333333333333334,0.9420289855072463,0.8843537414965987
138,o3,100,o3-top-100,1.0,1.0,0.8597701149425288,0.9879518072289156,0.7609195402298851,0.8796791443850267,0.7975903614457831,0.9650145772594753,0.8733509234828496,0.8213399503722084,0.9650145772594753,0.8873994638069704
86,gpt-4.5-preview,200,gpt-4.5-preview-top-200,1.0,0.9974937343358395,0.8666666666666667,0.9824561403508771,0.7448275862068966,0.8514588859416445,0.8120300751879699,0.9391304347826087,0.8709677419354838,0.826530612244898,0.9391304347826087,0.8792401628222524
135,o3,10,o3-top-10,1.0,1.0,0.8344827586206897,0.9875311720698254,0.7494252873563219,0.8925619834710744,0.8129675810473815,0.9340974212034384,0.8693333333333332,0.8511749347258486,0.9340974212034384,0.8907103825136613
10,gpt-4.5-preview,50,gpt-4.5-preview-top-50,1.0,1.0,0.8528735632183908,0.9825436408977556,0.7425287356321839,0.862533692722372,0.8054862842892768,0.938953488372093,0.8671140939597316,0.8282051282051283,0.938953488372093,0.8801089918256131
88,DeepSeek-V3,200,DeepSeek-V3-top-200,1.0,1.0,0.8666666666666667,0.9854368932038835,0.7471264367816092,0.8541114058355438,0.7888349514563107,0.9558823529411765,0.8643617021276595,0.8024691358024691,0.9558823529411765,0.87248322147651
9,gpt-4.5-preview,20,gpt-4.5-preview-top-20,1.0,1.0,0.8413793103448276,0.9848484848484849,0.7310344827586207,0.860655737704918,0.803030303030303,0.9244186046511628,0.8594594594594593,0.8302872062663186,0.9244186046511628,0.874828060522696
110,gemini-2.5-pro-exp-03-25,200,gemini-2.5-pro-exp-03-25-top-200,0.9977011494252873,1.0,0.8666666666666667,0.9880382775119617,0.7448275862068966,0.8514588859416445,0.7751196172248804,0.9642857142857143,0.8594164456233422,0.7960687960687961,0.9642857142857143,0.8721399730820997
54,DeepSeek-V3,50,DeepSeek-V3-top-50,1.0,1.0,0.8528735632183908,0.9875621890547264,0.7333333333333333,0.8544474393530997,0.7935323383084577,0.9354838709677419,0.8586810228802153,0.811704834605598,0.9354838709677419,0.8692098092643052
109,gemini-2.5-pro-exp-03-25,100,gemini-2.5-pro-exp-03-25-top-100,0.9954022988505747,1.0,0.8597701149425288,0.9878345498783455,0.7402298850574712,0.8529411764705882,0.7834549878345499,0.9498525073746312,0.8586666666666666,0.8029925187032418,0.9498525073746312,0.8702702702702703
23,o3-mini,100,o3-mini-top-100,1.0,1.0,0.8597701149425288,0.9874371859296482,0.728735632183908,0.839572192513369,0.7964824120603015,0.9296187683284457,0.8579161028416779,0.8170103092783505,0.9296187683284457,0.869684499314129
114,Llama-4-Maverick-Instruct-Basic,100,Llama-4-Maverick-Instruct-Basic-top-100,1.0,0.9976359338061466,0.8597701149425288,0.9810874704491725,0.7448275862068966,0.8609625668449198,0.7659574468085106,0.972972972972973,0.8571428571428571,0.7941176470588235,0.972972972972973,0.874493927125506
126,gpt-4.1-mini,100,gpt-4.1-mini-top-100,1.0,1.0,0.8597701149425288,0.9832935560859188,0.7425287356321839,0.8556149732620321,0.7708830548926014,0.9641791044776119,0.856763925729443,0.7916666666666666,0.9641791044776119,0.8694481830417228
87,gemini-2.0-pro-exp-02-05,200,gemini-2.0-pro-exp-02-05-top-200,0.9977011494252873,1.0,0.8666666666666667,0.9880382775119617,0.7425287356321839,0.8488063660477454,0.7727272727272727,0.9613095238095238,0.8567639257294428,0.7916666666666666,0.9613095238095238,0.868279569892473
136,o3,20,o3-top-20,1.0,1.0,0.8413793103448276,0.9828431372549019,0.735632183908046,0.8661202185792349,0.7843137254901961,0.943952802359882,0.856760374832664,0.8184143222506394,0.943952802359882,0.8767123287671234
8,gpt-4.5-preview,10,gpt-4.5-preview-top-10,1.0,1.0,0.8344827586206897,0.9846938775510204,0.7264367816091954,0.8650137741046832,0.8061224489795918,0.9132947976878613,0.8563685636856369,0.8381962864721485,0.9132947976878613,0.8741355463347164
84,DeepSeek-R1,200,DeepSeek-R1-top-200,0.9885057471264368,1.0,0.8666666666666667,0.9876237623762376,0.735632183908046,0.843501326259947,0.7920792079207921,0.9302325581395349,0.855614973262032,0.810126582278481,0.9302325581395349,0.8660351826792962
34,gemini-2.0-pro-exp-02-05,50,gemini-2.0-pro-exp-02-05-top-50,1.0,1.0,0.8528735632183908,0.9808612440191388,0.7333333333333333,0.8544474393530997,0.7631578947368421,0.9696048632218845,0.854082998661312,0.7955112219451371,0.9696048632218845,0.873972602739726
124,gpt-4.1-mini,20,gpt-4.1-mini-top-20,1.0,0.9975903614457832,0.8413793103448276,0.9783132530120482,0.7333333333333333,0.8633879781420765,0.7686746987951807,0.9608433734939759,0.8540829986613119,0.8035264483627204,0.9608433734939759,0.8751714677640603
89,o3-mini,200,o3-mini-top-200,1.0,1.0,0.8666666666666667,0.9874055415617129,0.7218390804597701,0.8249336870026526,0.7909319899244333,0.9262536873156342,0.8532608695652174,0.8051282051282052,0.9262536873156342,0.8614540466392318
35,gemini-2.0-pro-exp-02-05,100,gemini-2.0-pro-exp-02-05-top-100,0.9977011494252873,1.0,0.8597701149425288,0.9854721549636803,0.7333333333333333,0.8449197860962567,0.7723970944309927,0.9522388059701492,0.8529411764705882,0.7955112219451371,0.9522388059701492,0.8668478260869564
137,o3,50,o3-top-50,0.9977011494252873,1.0,0.8528735632183908,0.9878640776699029,0.7310344827586207,0.8517520215633423,0.7718446601941747,0.9520958083832335,0.8525469168900803,0.7989949748743719,0.9520958083832335,0.8688524590163934
55,DeepSeek-V3,100,DeepSeek-V3-top-100,1.0,1.0,0.8597701149425288,0.9876543209876543,0.7241379310344828,0.8342245989304813,0.7777777777777778,0.9402985074626866,0.8513513513513513,0.7914572864321608,0.9402985074626866,0.8594815825375172
121,gpt-4.1,50,gpt-4.1-top-50,1.0,1.0,0.8528735632183908,0.9875,0.7218390804597701,0.8409703504043127,0.785,0.9289940828402367,0.8509485094850948,0.8071979434447301,0.9289940828402367,0.8638239339752407
123,gpt-4.1-mini,10,gpt-4.1-mini-top-10,1.0,0.9975490196078431,0.8344827586206897,0.9828431372549019,0.7264367816091954,0.8650137741046832,0.7745098039215687,0.9432835820895522,0.8506056527590848,0.8144329896907216,0.9432835820895522,0.8741355463347165
108,gemini-2.5-pro-exp-03-25,50,gemini-2.5-pro-exp-03-25-top-50,0.9977011494252873,1.0,0.8528735632183908,0.9855421686746988,0.7264367816091954,0.8463611859838275,0.7614457831325301,0.9634146341463414,0.8506056527590847,0.7919799498746867,0.9634146341463414,0.8693259972489683
53,DeepSeek-V3,20,DeepSeek-V3-top-20,1.0,1.0,0.8413793103448276,0.9873417721518988,0.7172413793103448,0.8469945355191257,0.789873417721519,0.9203539823008849,0.8501362397820165,0.814621409921671,0.9203539823008849,0.8642659279778393
20,o3-mini,10,o3-mini-top-10,1.0,1.0,0.8344827586206897,0.9922680412371134,0.7172413793103448,0.8539944903581267,0.8041237113402062,0.9017341040462428,0.8501362397820164,0.8364611260053619,0.9017341040462428,0.8678720445062588
68,Llama-3.1-405B-Instruct,10,Llama-3.1-405B-Instruct-top-10,1.0,1.0,0.8344827586206897,0.9900744416873449,0.7218390804597701,0.859504132231405,0.7791563275434243,0.9345238095238095,0.8497970230040596,0.8134715025906736,0.9345238095238095,0.8698060941828255
122,gpt-4.1,100,gpt-4.1-top-100,1.0,1.0,0.8597701149425288,0.9899497487437185,0.7195402298850575,0.8315508021390374,0.7864321608040201,0.9233038348082596,0.8493894165535956,0.8025641025641026,0.9233038348082596,0.8587105624142661
125,gpt-4.1-mini,50,gpt-4.1-mini-top-50,1.0,0.9952380952380953,0.8528735632183908,0.9761904761904762,0.7310344827586207,0.8517520215633423,0.7571428571428571,0.9665653495440729,0.8491321762349799,0.7871287128712872,0.9665653495440729,0.8676671214188268
71,Llama-3.1-405B-Instruct,100,Llama-3.1-405B-Instruct-top-100,1.0,0.9950617283950617,0.8597701149425288,0.9876543209876543,0.7218390804597701,0.8342245989304813,0.7753086419753087,0.9373134328358209,0.8486486486486486,0.7969543147208121,0.9373134328358209,0.8614540466392318
119,gpt-4.1,10,gpt-4.1-top-10,1.0,1.0,0.8344827586206897,0.9898734177215189,0.7195402298850575,0.8567493112947658,0.7924050632911392,0.9125364431486881,0.8482384823848239,0.8236842105263158,0.9125364431486881,0.8658367911479945
52,DeepSeek-V3,10,DeepSeek-V3-top-10,1.0,1.0,0.8344827586206897,0.9872122762148338,0.7103448275862069,0.8457300275482094,0.7902813299232737,0.9142011834319527,0.8477366255144033,0.8196286472148541,0.9142011834319527,0.8643356643356643
107,gemini-2.5-pro-exp-03-25,20,gemini-2.5-pro-exp-03-25-top-20,1.0,1.0,0.8413793103448276,0.9804878048780488,0.7218390804597701,0.8497267759562842,0.7658536585365854,0.9486404833836858,0.8475033738191632,0.7929292929292929,0.9486404833836858,0.8638239339752407
85,QwQ-32B,200,QwQ-32B-top-200,0.993103448275862,1.0,0.8666666666666667,0.9880382775119617,0.7241379310344828,0.830238726790451,0.7535885167464115,0.9662576687116564,0.8467741935483871,0.7758620689655172,0.9662576687116564,0.860655737704918
22,o3-mini,50,o3-mini-top-50,1.0,1.0,0.8528735632183908,0.9847328244274809,0.7149425287356321,0.8328840970350404,0.7913486005089059,0.9093567251461988,0.8462585034013604,0.8120104438642297,0.9093567251461988,0.8579310344827585
134,o4-mini,100,o4-mini-top-100,1.0,1.0,0.8597701149425288,0.9877450980392157,0.7195402298850575,0.8315508021390374,0.7671568627450981,0.9427710843373494,0.8459459459459459,0.7805486284289277,0.9427710843373494,0.8540245566166439
70,Llama-3.1-405B-Instruct,50,Llama-3.1-405B-Instruct-top-50,1.0,0.9975247524752475,0.8528735632183908,0.9876237623762376,0.7172413793103448,0.8355795148247979,0.7722772277227723,0.9341317365269461,0.8455284552845529,0.7959183673469388,0.9341317365269461,0.859504132231405
113,Llama-4-Maverick-Instruct-Basic,50,Llama-4-Maverick-Instruct-Basic-top-50,1.0,0.9976019184652278,0.8528735632183908,0.9832134292565947,0.728735632183908,0.8490566037735849,0.7601918465227818,0.9519519519519519,0.8453333333333335,0.7885572139303483,0.9519519519519519,0.8625850340136054
31,gemini-2.0-flash-lite,100,gemini-2.0-flash-lite-top-100,1.0,0.995260663507109,0.8597701149425288,0.981042654028436,0.728735632183908,0.8422459893048129,0.7511848341232228,0.9664634146341463,0.8453333333333334,0.7769607843137255,0.9664634146341463,0.8614130434782609
21,o3-mini,20,o3-mini-top-20,1.0,1.0,0.8413793103448276,0.9896907216494846,0.7080459770114943,0.8333333333333334,0.7938144329896907,0.9032258064516129,0.8449931412894376,0.8191489361702128,0.9032258064516129,0.8591352859135286
47,Llama-3.3-70B-Instruct,100,Llama-3.3-70B-Instruct-top-100,0.9977011494252873,0.9974358974358974,0.8597701149425288,0.9871794871794872,0.7011494252873564,0.8101604278074866,0.782051282051282,0.9186746987951807,0.8448753462603878,0.7984293193717278,0.9186746987951807,0.854341736694678
18,o1,50,o1-top-50,1.0,1.0,0.8528735632183908,0.9895561357702349,0.7034482758620689,0.8194070080862533,0.7989556135770235,0.8947368421052632,0.8441379310344828,0.8181818181818182,0.8947368421052632,0.8547486033519553
46,Llama-3.3-70B-Instruct,50,Llama-3.3-70B-Instruct-top-50,0.9977011494252873,1.0,0.8528735632183908,0.989821882951654,0.7034482758620689,0.8194070080862533,0.7786259541984732,0.9216867469879518,0.8441379310344826,0.8031496062992126,0.9216867469879518,0.8583450210378681
69,Llama-3.1-405B-Instruct,20,Llama-3.1-405B-Instruct-top-20,1.0,1.0,0.8413793103448276,0.9878640776699029,0.7195402298850575,0.8497267759562842,0.7597087378640777,0.9484848484848485,0.8436657681940701,0.7924050632911392,0.9484848484848485,0.863448275862069
74,Llama-3.1-70B-Instruct,50,Llama-3.1-70B-Instruct-top-50,1.0,1.0,0.8528735632183908,0.9828009828009828,0.7126436781609196,0.8301886792452831,0.7616707616707616,0.9451219512195121,0.8435374149659863,0.7868020304568528,0.9451219512195121,0.8587257617728532
36,gemma-3-27b-it,10,gemma-3-27b-it-top-10,1.0,1.0,0.8344827586206897,0.9762470308788599,0.7172413793103448,0.8539944903581267,0.7410926365795725,0.975,0.8421052631578948,0.7918781725888325,0.975,0.8739495798319328
66,DeepSeek-R1,50,DeepSeek-R1-top-50,0.9793103448275862,1.0,0.8528735632183908,0.9848484848484849,0.7103448275862069,0.8274932614555256,0.7803030303030303,0.9142011834319527,0.8419618528610355,0.8025974025974026,0.9142011834319527,0.8547717842323652
67,DeepSeek-R1,100,DeepSeek-R1-top-100,0.9816091954022989,1.0,0.8597701149425288,0.9825,0.7103448275862069,0.820855614973262,0.7725,0.9251497005988024,0.8419618528610355,0.7882653061224489,0.9251497005988024,0.8512396694214875
3,gpt-4o-mini,100,gpt-4o-mini-top-100,1.0,1.0,0.8597701149425288,0.9853658536585366,0.7149425287356321,0.8235294117647058,0.7585365853658537,0.9452887537993921,0.8416779431664412,0.7775,0.9452887537993921,0.8532235939643347
30,gemini-2.0-flash-lite,50,gemini-2.0-flash-lite-top-50,1.0,0.9928571428571429,0.8528735632183908,0.9809523809523809,0.7241379310344828,0.8436657681940701,0.75,0.9574468085106383,0.8411214953271028,0.7797029702970297,0.9574468085106383,0.8594815825375169
120,gpt-4.1,20,gpt-4.1-top-20,1.0,1.0,0.8413793103448276,0.9899497487437185,0.7103448275862069,0.8387978142076503,0.7763819095477387,0.9169139465875371,0.8408163265306123,0.8046875,0.9169139465875371,0.8571428571428571
45,Llama-3.3-70B-Instruct,20,Llama-3.3-70B-Instruct-top-20,1.0,1.0,0.8413793103448276,0.9851116625310173,0.7103448275862069,0.8360655737704918,0.7667493796526055,0.9307228915662651,0.8408163265306122,0.794344473007712,0.9307228915662651,0.8571428571428571
1,gpt-4o-mini,20,gpt-4o-mini-top-20,1.0,1.0,0.8413793103448276,0.9875930521091811,0.7103448275862069,0.8387978142076503,0.7667493796526055,0.9307228915662651,0.8408163265306122,0.7963917525773195,0.9307228915662651,0.8583333333333333
112,Llama-4-Maverick-Instruct-Basic,20,Llama-4-Maverick-Instruct-Basic-top-20,1.0,0.9952380952380953,0.8413793103448276,0.9785714285714285,0.7218390804597701,0.8497267759562842,0.7476190476190476,0.9602446483180428,0.8406961178045516,0.7830423940149626,0.9602446483180428,0.8626373626373626
106,gemini-2.5-pro-exp-03-25,10,gemini-2.5-pro-exp-03-25-top-10,0.9977011494252873,1.0,0.8344827586206897,0.9876543209876543,0.7149425287356321,0.8512396694214877,0.7679012345679013,0.9283582089552239,0.8405405405405406,0.8015463917525774,0.9283582089552239,0.86030428769018
33,gemini-2.0-pro-exp-02-05,20,gemini-2.0-pro-exp-02-05-top-20,1.0,1.0,0.8413793103448276,0.9805352798053528,0.7149425287356321,0.8415300546448088,0.7566909975669099,0.9452887537993921,0.8405405405405405,0.7853535353535354,0.9452887537993921,0.8579310344827588
32,gemini-2.0-pro-exp-02-05,10,gemini-2.0-pro-exp-02-05-top-10,1.0,1.0,0.8344827586206897,0.9851485148514851,0.7126436781609196,0.8484848484848485,0.7673267326732673,0.9281437125748503,0.8401084010840107,0.7989690721649485,0.9281437125748503,0.8587257617728531
59,sabia-3,100,sabia-3-top-100,1.0,0.9953917050691244,0.8597701149425288,0.9815668202764977,0.7241379310344828,0.8342245989304813,0.7258064516129032,0.9968354430379747,0.84,0.7572115384615384,0.9968354430379747,0.8606557377049181
0,gpt-4o-mini,10,gpt-4o-mini-top-10,1.0,1.0,0.8344827586206897,0.9874686716791979,0.7057471264367816,0.8402203856749312,0.7694235588972431,0.9246987951807228,0.8399452804377565,0.8036649214659686,0.9246987951807228,0.8599439775910365
19,o1,100,o1-top-100,1.0,1.0,0.8597701149425288,0.9866666666666667,0.6988505747126437,0.8048128342245989,0.8106666666666666,0.8710601719197708,0.8397790055248618,0.8238482384823849,0.8710601719197708,0.8467966573816156
2,gpt-4o-mini,50,gpt-4o-mini-top-50,1.0,1.0,0.8528735632183908,0.9876543209876543,0.7103448275862069,0.8274932614555256,0.762962962962963,0.9335347432024169,0.8396739130434783,0.7882653061224489,0.9335347432024169,0.8547717842323651
65,DeepSeek-R1,20,DeepSeek-R1-top-20,0.993103448275862,1.0,0.8413793103448276,0.9872122762148338,0.7034482758620689,0.8278688524590164,0.782608695652174,0.9053254437869822,0.8395061728395062,0.8073878627968337,0.9053254437869822,0.8535564853556485
117,Llama-4-Scout-Instruct-Basic,50,Llama-4-Scout-Instruct-Basic-top-50,1.0,0.9837209302325581,0.8528735632183908,0.9697674418604652,0.7195402298850575,0.8382749326145552,0.727906976744186,0.990506329113924,0.8391420911528151,0.7671568627450981,0.990506329113924,0.8646408839779006
16,o1,10,o1-top-10,1.0,1.0,0.8344827586206897,0.9918478260869565,0.6919540229885057,0.8236914600550964,0.8179347826086957,0.86,0.8384401114206128,0.847887323943662,0.86,0.8539007092198581
116,Llama-4-Scout-Instruct-Basic,20,Llama-4-Scout-Instruct-Basic-top-20,1.0,0.9858156028368794,0.8413793103448276,0.9692671394799054,0.7149425287356321,0.8415300546448088,0.735224586288416,0.9749216300940439,0.8382749326145552,0.7794486215538847,0.9749216300940439,0.8662952646239556
75,Llama-3.1-70B-Instruct,100,Llama-3.1-70B-Instruct-top-100,1.0,0.9975609756097561,0.8597701149425288,0.9853658536585366,0.7080459770114943,0.8181818181818182,0.751219512195122,0.9476923076923077,0.838095238095238,0.7738693467336684,0.9476923076923077,0.8520055325034578
44,Llama-3.3-70B-Instruct,10,Llama-3.3-70B-Instruct-top-10,0.9977011494252873,1.0,0.8344827586206897,0.9899497487437185,0.7057471264367816,0.8402203856749312,0.7713567839195979,0.9164179104477612,0.8376534788540245,0.8015665796344648,0.9164179104477612,0.8551532033426185
132,o4-mini,20,o4-mini-top-20,1.0,1.0,0.8413793103448276,0.9899244332493703,0.7034482758620689,0.8306010928961749,0.7707808564231738,0.9161676646706587,0.8372093023255813,0.796875,0.9161676646706587,0.8523676880222841
29,gemini-2.0-flash-lite,20,gemini-2.0-flash-lite-top-20,1.0,0.9952153110047847,0.8413793103448276,0.9784688995215312,0.7149425287356321,0.8415300546448088,0.7440191387559809,0.9569230769230769,0.8371467025572006,0.7794486215538847,0.9569230769230769,0.8591160220994474
118,Llama-4-Scout-Instruct-Basic,100,Llama-4-Scout-Instruct-Basic-top-100,1.0,0.990632318501171,0.8597701149425288,0.9718969555035128,0.7149425287356321,0.8235294117647058,0.7283372365339579,0.9810725552050473,0.836021505376344,0.7585365853658537,0.9810725552050473,0.8555708390646493
131,o4-mini,10,o4-mini-top-10,1.0,1.0,0.8344827586206897,0.9923076923076923,0.696551724137931,0.8292011019283747,0.7769230769230769,0.9044776119402985,0.8358620689655173,0.8123324396782842,0.9044776119402985,0.8559322033898306
82,QwQ-32B,50,QwQ-32B-top-50,0.9816091954022989,1.0,0.8528735632183908,0.9827160493827161,0.7057471264367816,0.8221024258760108,0.7580246913580246,0.9303030303030303,0.8353741496598639,0.7791878172588832,0.9303030303030303,0.8480662983425413
15,o1-mini,100,o1-mini-top-100,1.0,1.0,0.8597701149425288,0.989501312335958,0.6919540229885057,0.7994652406417112,0.7900262467191601,0.8852941176470588,0.8349514563106797,0.806970509383378,0.8852941176470588,0.844319775596073
73,Llama-3.1-70B-Instruct,20,Llama-3.1-70B-Instruct-top-20,1.0,0.9951573849878934,0.8413793103448276,0.9757869249394673,0.7034482758620689,0.8306010928961749,0.7409200968523002,0.95625,0.834924965893588,0.7786259541984732,0.95625,0.8583450210378681
133,o4-mini,50,o4-mini-top-50,1.0,1.0,0.8528735632183908,0.9898477157360406,0.696551724137931,0.8113207547169812,0.7690355329949239,0.9126506024096386,0.8347107438016529,0.7911227154046997,0.9126506024096386,0.8475524475524475
115,Llama-4-Scout-Instruct-Basic,10,Llama-4-Scout-Instruct-Basic-top-10,1.0,0.9905437352245863,0.8344827586206897,0.9739952718676123,0.7126436781609196,0.8484848484848485,0.7328605200945626,0.96875,0.8344549125168237,0.7808564231738035,0.96875,0.8647140864714087
14,o1-mini,50,o1-mini-top-50,1.0,1.0,0.8528735632183908,0.9817708333333334,0.6919540229885057,0.8059299191374663,0.7838541666666666,0.8905325443786982,0.8337950138504154,0.8048128342245989,0.8905325443786982,0.8455056179775281
64,DeepSeek-R1,10,DeepSeek-R1-top-10,0.9954022988505747,1.0,0.8344827586206897,0.984375,0.696551724137931,0.8292011019283747,0.7890625,0.8833819241982507,0.8335625859697386,0.816711590296496,0.8833819241982507,0.8487394957983193
37,gemma-3-27b-it,20,gemma-3-27b-it-top-20,1.0,1.0,0.8413793103448276,0.9807692307692307,0.7011494252873564,0.825136612021858,0.7331730769230769,0.9651898734177216,0.8333333333333333,0.7741116751269036,0.9651898734177216,0.8591549295774649
38,gemma-3-27b-it,50,gemma-3-27b-it-top-50,1.0,1.0,0.8528735632183908,0.9832535885167464,0.7011494252873564,0.816711590296496,0.7296650717703349,0.9682539682539683,0.8321964529331514,0.7644110275689223,0.9682539682539683,0.854341736694678
83,QwQ-32B,100,QwQ-32B-top-100,0.9885057471264368,1.0,0.8597701149425288,0.980440097799511,0.7034482758620689,0.8101604278074866,0.7481662591687042,0.9357798165137615,0.8315217391304348,0.7688442211055276,0.9357798165137615,0.8441379310344828
62,sabiazinho-3,50,sabiazinho-3-top-50,1.0,0.9976744186046511,0.8528735632183908,0.9767441860465116,0.7080459770114943,0.8274932614555256,0.7162790697674418,0.9903536977491961,0.8313090418353576,0.7567567567567568,0.9903536977491961,0.8579387186629527
111,Llama-4-Maverick-Instruct-Basic,10,Llama-4-Maverick-Instruct-Basic-top-10,1.0,0.9881235154394299,0.8344827586206897,0.9738717339667459,0.7057471264367816,0.8402203856749312,0.7292161520190024,0.9654088050314465,0.8308525033829499,0.7713567839195979,0.9654088050314465,0.8575418994413408
72,Llama-3.1-70B-Instruct,10,Llama-3.1-70B-Instruct-top-10,1.0,1.0,0.8344827586206897,0.9757869249394673,0.696551724137931,0.8292011019283747,0.7336561743341404,0.9558359621451105,0.8301369863013698,0.7769230769230769,0.9558359621451105,0.8571428571428571
79,Llama-3-70B-Instruct,100,Llama-3-70B-Instruct-top-100,1.0,1.0,0.8597701149425288,0.9786729857819905,0.7034482758620689,0.8101604278074866,0.7251184834123223,0.9683544303797469,0.8292682926829269,0.7518427518427518,0.9683544303797469,0.8464730290456433
17,o1,20,o1-top-20,1.0,1.0,0.8413793103448276,0.9892761394101877,0.6827586206896552,0.8032786885245902,0.7962466487935657,0.8633720930232558,0.8284518828451882,0.8181818181818182,0.8633720930232558,0.8401697312588401
78,Llama-3-70B-Instruct,50,Llama-3-70B-Instruct-top-50,1.0,0.9976359338061466,0.8528735632183908,0.9739952718676123,0.7034482758620689,0.8194070080862533,0.723404255319149,0.9683544303797469,0.8281461434370772,0.7593052109181141,0.9683544303797469,0.8511821974965229
12,o1-mini,10,o1-mini-top-10,1.0,1.0,0.8344827586206897,0.986737400530504,0.6804597701149425,0.8099173553719008,0.7851458885941645,0.8757396449704142,0.827972027972028,0.8199445983379502,0.8757396449704142,0.8469241773962803
28,gemini-2.0-flash-lite,10,gemini-2.0-flash-lite-top-10,1.0,0.9857142857142858,0.8344827586206897,0.969047619047619,0.7011494252873564,0.8347107438016529,0.7261904761904762,0.9621451104100947,0.8276797829036635,0.7682619647355163,0.9621451104100947,0.8543417366946778
77,Llama-3-70B-Instruct,20,Llama-3-70B-Instruct-top-20,1.0,0.9976303317535545,0.8413793103448276,0.9715639810426541,0.7011494252873564,0.825136612021858,0.7227488151658767,0.9682539682539683,0.8276797829036634,0.7625,0.9682539682539683,0.8531468531468531
42,gemma-2-27b-it,50,gemma-2-27b-it-top-50,1.0,0.9953051643192489,0.8528735632183908,0.9741784037558685,0.6942528735632184,0.8086253369272237,0.7089201877934272,0.9837133550488599,0.8240109140518418,0.742014742014742,0.9837133550488599,0.84593837535014
43,gemma-2-27b-it,100,gemma-2-27b-it-top-100,0.9954022988505747,0.9952941176470588,0.8597701149425288,0.9741176470588235,0.6942528735632184,0.7994652406417112,0.7105882352941176,0.9773462783171522,0.8228882833787466,0.7365853658536585,0.9773462783171522,0.8400556328233658
41,gemma-2-27b-it,20,gemma-2-27b-it-top-20,1.0,0.9953161592505855,0.8413793103448276,0.9672131147540983,0.6919540229885057,0.8169398907103825,0.7049180327868853,0.9868852459016394,0.8224043715846995,0.7525,0.9868852459016394,0.8539007092198581
27,gemini-2.0-flash,100,gemini-2.0-flash-top-100,0.9471264367816092,1.0,0.8597701149425288,0.9868766404199475,0.6804597701149425,0.7834224598930482,0.7769028871391076,0.8731563421828908,0.8222222222222222,0.7935656836461126,0.8731563421828908,0.8314606741573034
81,QwQ-32B,20,QwQ-32B-top-20,0.9908045977011494,1.0,0.8413793103448276,0.9822784810126582,0.6781609195402298,0.7978142076502732,0.7468354430379747,0.9076923076923077,0.8194444444444445,0.7742782152230971,0.9076923076923077,0.8356940509915014
25,gemini-2.0-flash,20,gemini-2.0-flash-top-20,0.9563218390804598,1.0,0.8413793103448276,0.9894736842105263,0.6758620689655173,0.8005464480874317,0.7736842105263158,0.8698224852071006,0.8189415041782729,0.7989130434782609,0.8698224852071006,0.8328611898016997
63,sabiazinho-3,100,sabiazinho-3-top-100,0.9977011494252873,0.9976744186046511,0.8597701149425288,0.986046511627907,0.6896551724137931,0.7967914438502673,0.6976744186046512,0.9868421052631579,0.8174386920980926,0.7281553398058253,0.9868421052631579,0.8379888268156425
76,Llama-3-70B-Instruct,10,Llama-3-70B-Instruct-top-10,1.0,0.9976303317535545,0.8344827586206897,0.9715639810426541,0.6827586206896552,0.8126721763085399,0.7037914691943128,0.9737704918032787,0.8170563961485556,0.7538071065989848,0.9737704918032787,0.849785407725322
13,o1-mini,20,o1-mini-top-20,1.0,1.0,0.8413793103448276,0.9868421052631579,0.6666666666666666,0.7841530054644809,0.7631578947368421,0.8787878787878788,0.8169014084507042,0.7901907356948229,0.8787878787878788,0.8321377331420373
127,gpt-4.1-nano,10,gpt-4.1-nano-top-10,1.0,0.9973333333333333,0.8344827586206897,0.984,0.6666666666666666,0.7933884297520661,0.7733333333333333,0.8656716417910447,0.8169014084507041,0.8011049723756906,0.8656716417910447,0.8321377331420372
159,llama-3.2-1B-instruct-grpo-005-step-1000,20,llama-3.2-1B-instruct-grpo-005-step-1000-top-20,1.0,0.9885057471264368,0.8413793103448276,0.9770114942528736,0.6896551724137931,0.8142076502732241,0.6896551724137931,1.0,0.8163265306122449,0.7371007371007371,1.0,0.8486562942008486
39,gemma-3-27b-it,100,gemma-3-27b-it-top-100,1.0,1.0,0.8597701149425288,0.983451536643026,0.6758620689655173,0.7807486631016043,0.6950354609929078,0.98,0.8132780082987552,0.7241379310344828,0.98,0.8328611898016998
158,llama-3.2-1B-instruct-grpo-005-step-1000,10,llama-3.2-1B-instruct-grpo-005-step-1000-top-10,1.0,0.9954022988505747,0.8344827586206897,0.9770114942528736,0.6850574712643678,0.8154269972451791,0.6850574712643678,1.0,0.8130968622100955,0.7376237623762376,1.0,0.849002849002849
80,QwQ-32B,10,QwQ-32B-top-10,0.9908045977011494,1.0,0.8344827586206897,0.9821882951653944,0.6758620689655173,0.8044077134986226,0.7480916030534351,0.8882175226586103,0.8121546961325967,0.7798408488063661,0.8882175226586103,0.8305084745762712
60,sabiazinho-3,10,sabiazinho-3-top-10,1.0,0.9976415094339622,0.8344827586206897,0.9764150943396226,0.6781609195402298,0.8099173553719008,0.6957547169811321,0.9735973597359736,0.811554332874828,0.748730964467005,0.9735973597359736,0.8464849354375895
61,sabiazinho-3,20,sabiazinho-3-top-20,1.0,0.9976580796252927,0.8413793103448276,0.9742388758782201,0.6804597701149425,0.8060109289617486,0.6932084309133489,0.9736842105263158,0.8098495212038304,0.736318407960199,0.9736842105263158,0.8385269121813033
26,gemini-2.0-flash,50,gemini-2.0-flash-top-50,0.9356321839080459,1.0,0.8528735632183908,0.9865591397849462,0.6620689655172414,0.77088948787062,0.7741935483870968,0.844574780058651,0.8078541374474053,0.7955801104972375,0.844574780058651,0.8193456614509247
24,gemini-2.0-flash,10,gemini-2.0-flash-top-10,0.9333333333333333,1.0,0.8344827586206897,0.9865591397849462,0.6597701149425287,0.7851239669421488,0.771505376344086,0.8466076696165191,0.8073136427566807,0.7994428969359332,0.8466076696165191,0.822349570200573
40,gemma-2-27b-it,10,gemma-2-27b-it-top-10,1.0,0.9976303317535545,0.8344827586206897,0.9691943127962085,0.6689655172413793,0.7961432506887053,0.6895734597156398,0.9732441471571907,0.8072122052704577,0.7367088607594937,0.9732441471571907,0.8386167146974064
7,gpt-4o,100,gpt-4o-top-100,1.0,1.0,0.8597701149425288,0.9884726224783862,0.6436781609195402,0.7433155080213903,0.8069164265129684,0.8069164265129684,0.8069164265129684,0.8187134502923976,0.8069164265129684,0.8127721335268505
160,llama-3.2-1B-instruct-grpo-005-step-1000,50,llama-3.2-1B-instruct-grpo-005-step-1000-top-50,0.9862068965517241,0.9906759906759907,0.8528735632183908,0.9836829836829837,0.6735632183908046,0.7870619946091644,0.682983682983683,0.9832214765100671,0.8060522696011004,0.7216748768472906,0.9832214765100671,0.8323863636363635
150,llama-3.2-1B-instruct-grpo-003,10,llama-3.2-1B-instruct-grpo-003-top-10,1.0,1.0,0.8344827586206897,0.9839080459770115,0.6666666666666666,0.7933884297520661,0.6666666666666666,1.0,0.8,0.7178217821782178,1.0,0.8357348703170029
129,gpt-4.1-nano,50,gpt-4.1-nano-top-50,1.0,0.9917355371900827,0.8528735632183908,0.977961432506887,0.639080459770115,0.7439353099730458,0.7658402203856749,0.8348348348348348,0.7988505747126436,0.7853107344632768,0.8348348348348348,0.809315866084425
6,gpt-4o,50,gpt-4o-top-50,1.0,1.0,0.8528735632183908,0.9882352941176471,0.6298850574712643,0.7331536388140162,0.8058823529411765,0.791907514450867,0.7988338192419824,0.8228228228228228,0.791907514450867,0.8070692194403535
152,llama-3.2-1B-instruct-grpo-003,50,llama-3.2-1B-instruct-grpo-003-top-50,1.0,1.0,0.8528735632183908,0.9908045977011494,0.664367816091954,0.7735849056603774,0.664367816091954,1.0,0.7983425414364642,0.7014563106796117,1.0,0.8245363766048502
151,llama-3.2-1B-instruct-grpo-003,20,llama-3.2-1B-instruct-grpo-003-top-20,1.0,0.9977011494252873,0.8413793103448276,0.9839080459770115,0.664367816091954,0.7841530054644809,0.664367816091954,1.0,0.7983425414364642,0.7100737100737101,1.0,0.8304597701149427
92,gemma-3-4b-it,50,gemma-3-4b-it-top-50,0.9310344827586207,0.972568578553616,0.8528735632183908,0.9551122194513716,0.6528735632183909,0.7601078167115903,0.7082294264339152,0.9073482428115016,0.795518207282913,0.7473684210526316,0.9073482428115016,0.8196248196248197
91,gemma-3-4b-it,20,gemma-3-4b-it-top-20,0.9448275862068966,0.9778325123152709,0.8413793103448276,0.9655172413793104,0.6551724137931034,0.7704918032786885,0.7019704433497537,0.9134615384615384,0.7938718662952646,0.7480314960629921,0.9134615384615384,0.8225108225108226
90,gemma-3-4b-it,10,gemma-3-4b-it-top-10,0.9425287356321839,0.9725,0.8344827586206897,0.96,0.6505747126436782,0.7741046831955923,0.7075,0.9041533546325878,0.7938288920056101,0.760752688172043,0.9041533546325878,0.8262773722627738
153,llama-3.2-1B-instruct-grpo-003,100,llama-3.2-1B-instruct-grpo-003-top-100,1.0,1.0,0.8597701149425288,0.9908045977011494,0.6574712643678161,0.7593582887700535,0.6574712643678161,1.0,0.7933425797503467,0.689156626506024,1.0,0.8159771754636234
128,gpt-4.1-nano,20,gpt-4.1-nano-top-20,1.0,0.9972375690607734,0.8413793103448276,0.988950276243094,0.6298850574712643,0.7431693989071039,0.7569060773480663,0.8277945619335347,0.7907647907647908,0.7762039660056658,0.8277945619335347,0.8011695906432749
149,llama-3.2-1B-instruct-grpo-002,50,llama-3.2-1B-instruct-grpo-002-top-50,0.9977011494252873,0.9976470588235294,0.8528735632183908,0.9858823529411764,0.6505747126436782,0.7574123989218329,0.6658823529411765,0.9658703071672355,0.7883008356545961,0.7022332506203474,0.9658703071672355,0.8132183908045978
93,gemma-3-4b-it,100,gemma-3-4b-it-top-100,0.9379310344827586,0.9629629629629629,0.8597701149425288,0.9481481481481482,0.639080459770115,0.7379679144385026,0.6864197530864198,0.9144736842105263,0.7842031029619183,0.7128205128205128,0.9144736842105263,0.8011527377521614
130,gpt-4.1-nano,100,gpt-4.1-nano-top-100,1.0,0.997134670487106,0.8597701149425288,0.9885386819484241,0.6160919540229886,0.7112299465240641,0.7679083094555874,0.7976190476190477,0.7824817518248175,0.7859237536656891,0.7976190476190477,0.7917282127031019
161,llama-3.2-1B-instruct-grpo-005-step-1000,100,llama-3.2-1B-instruct-grpo-005-step-1000-top-100,0.967816091954023,0.9833729216152018,0.8597701149425288,0.9691211401425178,0.639080459770115,0.7406417112299465,0.6603325415676959,0.9586206896551724,0.7819971870604783,0.6898263027295285,0.9586206896551724,0.8023088023088022
56,sabia-3,10,sabia-3-top-10,0.960919540229885,0.9733009708737864,0.8344827586206897,0.9150485436893204,0.6298850574712643,0.7493112947658402,0.6650485436893204,0.9319727891156463,0.7762039660056657,0.7116883116883117,0.9319727891156463,0.8070692194403535
147,llama-3.2-1B-instruct-grpo-002,10,llama-3.2-1B-instruct-grpo-002-top-10,0.9885057471264368,0.9811320754716981,0.8344827586206897,0.9575471698113207,0.6298850574712643,0.7520661157024794,0.6462264150943396,0.9647887323943662,0.7740112994350283,0.6954314720812182,0.9647887323943662,0.808259587020649
58,sabia-3,50,sabia-3-top-50,0.9655172413793104,0.9784172661870504,0.8528735632183908,0.9328537170263789,0.6275862068965518,0.7304582210242587,0.6546762589928058,0.9446366782006921,0.7733711048158641,0.6893939393939394,0.9446366782006921,0.797080291970803
148,llama-3.2-1B-instruct-grpo-002,20,llama-3.2-1B-instruct-grpo-002-top-20,0.9885057471264368,0.9927884615384616,0.8413793103448276,0.96875,0.6229885057471264,0.7349726775956285,0.6514423076923077,0.9409722222222222,0.7698863636363638,0.6966580976863753,0.9409722222222222,0.8005908419497785
57,sabia-3,20,sabia-3-top-20,0.9425287356321839,0.9727047146401985,0.8413793103448276,0.9305210918114144,0.6229885057471264,0.7349726775956285,0.6724565756823822,0.8943894389438944,0.7677053824362606,0.7150395778364116,0.8943894389438944,0.7947214076246334
4,gpt-4o,10,gpt-4o-top-10,1.0,1.0,0.8344827586206897,0.9871382636655949,0.5839080459770115,0.6942148760330579,0.8167202572347267,0.7195467422096318,0.7650602409638555,0.8355263157894737,0.7195467422096318,0.7732115677321156
139,llama-3.2-1B-instruct-grpo,10,llama-3.2-1B-instruct-grpo-top-10,0.9379310344827586,0.9852941176470589,0.8344827586206897,0.9632352941176471,0.6114942528735632,0.7272727272727273,0.6519607843137255,0.9172413793103448,0.7621776504297993,0.7,0.9172413793103448,0.7940298507462686
5,gpt-4o,20,gpt-4o-top-20,1.0,1.0,0.8413793103448276,0.9871382636655949,0.5770114942528736,0.680327868852459,0.8070739549839229,0.7171428571428572,0.7594553706505296,0.8256578947368421,0.7171428571428572,0.7675840978593272
49,Llama-3.2-3B-Instruct,20,Llama-3.2-3B-Instruct-top-20,0.896551724137931,0.9794871794871794,0.8413793103448276,0.9615384615384616,0.593103448275862,0.6994535519125683,0.6615384615384615,0.8775510204081632,0.7543859649122807,0.6972972972972973,0.8775510204081632,0.7771084337349398
140,llama-3.2-1B-instruct-grpo,20,llama-3.2-1B-instruct-grpo-top-20,0.9287356321839081,0.9603960396039604,0.8413793103448276,0.948019801980198,0.5977011494252874,0.7049180327868853,0.6435643564356436,0.8996539792387543,0.7503607503607502,0.6860158311345647,0.8996539792387543,0.7784431137724551
142,llama-3.2-1B-instruct-grpo,100,llama-3.2-1B-instruct-grpo-top-100,1.0,0.9948320413436692,0.8597701149425288,0.9844961240310077,0.5954022988505747,0.6871657754010695,0.6692506459948321,0.8519736842105263,0.7496382054992765,0.6981132075471698,0.8519736842105263,0.7674074074074074
144,llama-3.2-1B-instruct-grpo-001,20,llama-3.2-1B-instruct-grpo-001-top-20,1.0,1.0,0.8413793103448276,0.9794344473007712,0.5954022988505747,0.7021857923497268,0.6658097686375322,0.8576158940397351,0.7496382054992765,0.7115384615384616,0.8576158940397351,0.7777777777777777
145,llama-3.2-1B-instruct-grpo-001,50,llama-3.2-1B-instruct-grpo-001-top-50,0.9908045977011494,0.9772151898734177,0.8528735632183908,0.9620253164556962,0.5954022988505747,0.692722371967655,0.6556962025316456,0.875,0.7496382054992765,0.6925133689839572,0.875,0.773134328358209
146,llama-3.2-1B-instruct-grpo-001,100,llama-3.2-1B-instruct-grpo-001-top-100,0.9977011494252873,0.9772727272727273,0.8597701149425288,0.9671717171717171,0.5885057471264368,0.679144385026738,0.6464646464646465,0.8737201365187713,0.7431059506531205,0.6772486772486772,0.8737201365187713,0.7630402384500744
143,llama-3.2-1B-instruct-grpo-001,10,llama-3.2-1B-instruct-grpo-001-top-10,0.9954022988505747,0.979746835443038,0.8344827586206897,0.9544303797468354,0.5862068965517241,0.696969696969697,0.6455696202531646,0.8732876712328768,0.7423580786026202,0.6929347826086957,0.8732876712328768,0.7727272727272728
48,Llama-3.2-3B-Instruct,10,Llama-3.2-3B-Instruct-top-10,0.9310344827586207,0.9900744416873449,0.8344827586206897,0.9578163771712159,0.5701149425287356,0.6776859504132231,0.6153846153846154,0.9018181818181819,0.7315634218289085,0.6631016042780749,0.9018181818181819,0.7642526964560862
51,Llama-3.2-3B-Instruct,100,Llama-3.2-3B-Instruct-top-100,0.8551724137931035,0.9568733153638814,0.8597701149425288,0.9487870619946092,0.5540229885057472,0.6390374331550802,0.6495956873315364,0.8169491525423729,0.7237237237237236,0.6750700280112045,0.8169491525423729,0.7392638036809815
141,llama-3.2-1B-instruct-grpo,50,llama-3.2-1B-instruct-grpo-top-50,0.8827586206896552,0.9713541666666666,0.8528735632183908,0.9505208333333334,0.5609195402298851,0.6522911051212938,0.6354166666666666,0.8327645051194539,0.7208271787296898,0.6703296703296703,0.8327645051194539,0.7427701674277017
101,DeepSeek-R1-Distill-Qwen-7B,100,DeepSeek-R1-Distill-Qwen-7B-top-100,0.9448275862068966,0.8778054862842892,0.8597701149425288,0.8628428927680798,0.5080459770114942,0.5882352941176471,0.5511221945137157,0.884,0.6789554531490016,0.5755208333333334,0.884,0.6971608832807571
156,llama-3.2-1B-instruct-grpo-004-step-0050,50,llama-3.2-1B-instruct-grpo-004-step-0050-top-50,0.9080459770114943,0.9744897959183674,0.8528735632183908,0.9591836734693877,0.5103448275862069,0.5983827493261455,0.5663265306122449,0.8473282442748091,0.6788990825688073,0.5983827493261455,0.8473282442748091,0.7014218009478672
100,DeepSeek-R1-Distill-Qwen-7B,50,DeepSeek-R1-Distill-Qwen-7B-top-50,0.9747126436781609,0.7783251231527094,0.8528735632183908,0.7660098522167488,0.503448275862069,0.5876010781671159,0.5394088669950738,0.8938775510204081,0.672811059907834,0.5644329896907216,0.8938775510204081,0.6919431279620852
157,llama-3.2-1B-instruct-grpo-004-step-0050,100,llama-3.2-1B-instruct-grpo-004-step-0050-top-100,0.9287356321839081,0.9627791563275434,0.8597701149425288,0.9379652605459057,0.4942528735632184,0.5748663101604278,0.533498759305211,0.8884297520661157,0.6666666666666667,0.5613577023498695,0.8884297520661157,0.6880000000000001
155,llama-3.2-1B-instruct-grpo-004-step-0050,20,llama-3.2-1B-instruct-grpo-004-step-0050-top-20,0.896551724137931,0.958974358974359,0.8413793103448276,0.9384615384615385,0.4827586206896552,0.5710382513661202,0.5384615384615384,0.84,0.6562499999999999,0.5753424657534246,0.84,0.6829268292682927
154,llama-3.2-1B-instruct-grpo-004-step-0050,10,llama-3.2-1B-instruct-grpo-004-step-0050-top-10,0.9172413793103448,0.949748743718593,0.8344827586206897,0.9195979899497487,0.47586206896551725,0.5674931129476584,0.5201005025125628,0.8589211618257261,0.647887323943662,0.5609756097560976,0.8589211618257261,0.6786885245901639
98,DeepSeek-R1-Distill-Qwen-7B,10,DeepSeek-R1-Distill-Qwen-7B-top-10,0.9816091954022989,0.7373737373737373,0.8344827586206897,0.7247474747474747,0.4666666666666667,0.5564738292011019,0.5126262626262627,0.871244635193133,0.6454689984101749,0.5442359249329759,0.871244635193133,0.66996699669967
50,Llama-3.2-3B-Instruct,50,Llama-3.2-3B-Instruct-top-50,0.7264367816091954,0.930379746835443,0.8528735632183908,0.9082278481012658,0.46206896551724136,0.5390835579514824,0.6360759493670886,0.6547231270358306,0.6452648475120385,0.6568627450980392,0.6547231270358306,0.6557911908646002
99,DeepSeek-R1-Distill-Qwen-7B,20,DeepSeek-R1-Distill-Qwen-7B-top-20,0.967816091954023,0.6840796019900498,0.8413793103448276,0.6716417910447762,0.4160919540229885,0.4890710382513661,0.4502487562189055,0.8660287081339713,0.5924713584288053,0.47757255936675463,0.8660287081339713,0.6156462585034014
94,DeepSeek-R1-Distill-Qwen-1.5B,10,DeepSeek-R1-Distill-Qwen-1.5B-top-10,0.671264367816092,0.8549019607843137,0.8344827586206897,0.8313725490196079,0.3264367816091954,0.3884297520661157,0.5568627450980392,0.47333333333333333,0.5117117117117117,0.5916666666666667,0.47333333333333333,0.5259259259259259
95,DeepSeek-R1-Distill-Qwen-1.5B,20,DeepSeek-R1-Distill-Qwen-1.5B-top-20,0.632183908045977,0.8464730290456431,0.8413793103448276,0.8340248962655602,0.28735632183908044,0.34153005464480873,0.5186721991701245,0.4180602006688963,0.4629629629629629,0.5506607929515418,0.4180602006688963,0.4752851711026615
96,DeepSeek-R1-Distill-Qwen-1.5B,50,DeepSeek-R1-Distill-Qwen-1.5B-top-50,0.41839080459770117,0.9078947368421053,0.8528735632183908,0.9013157894736842,0.19770114942528735,0.23180592991913745,0.5657894736842105,0.25072886297376096,0.34747474747474744,0.589041095890411,0.25072886297376096,0.3517382413087934
97,DeepSeek-R1-Distill-Qwen-1.5B,100,DeepSeek-R1-Distill-Qwen-1.5B-top-100,0.15862068965517243,0.7608695652173914,0.8597701149425288,0.7608695652173914,0.06436781609195402,0.0748663101604278,0.6086956521739131,0.07329842931937172,0.1308411214953271,0.6222222222222222,0.07329842931937172,0.13114754098360654
104,Llama-3.2-1B-Instruct,50,Llama-3.2-1B-Instruct-top-50,0.04597701149425287,0.8888888888888888,0.8528735632183908,0.8333333333333334,0.022988505747126436,0.026954177897574125,0.5555555555555556,0.02570694087403599,0.04914004914004913,0.625,0.02570694087403599,0.0493827160493827
105,Llama-3.2-1B-Instruct,100,Llama-3.2-1B-Instruct-top-100,0.06206896551724138,0.9259259259259259,0.8597701149425288,0.8148148148148148,0.01839080459770115,0.0213903743315508,0.2962962962962963,0.020833333333333332,0.03892944038929439,0.3076923076923077,0.020833333333333332,0.039024390243902425
102,Llama-3.2-1B-Instruct,10,Llama-3.2-1B-Instruct-top-10,0.011494252873563218,0.5,0.8344827586206897,0.5,0.0022988505747126436,0.0027548209366391185,0.25,0.002544529262086514,0.00503778337531486,0.25,0.002544529262086514,0.00503778337531486
103,Llama-3.2-1B-Instruct,20,Llama-3.2-1B-Instruct-top-20,0.009195402298850575,0.5,0.8413793103448276,0.5,0.0,0.0,0.0,0.0,0.0,0.0,0.0,0.0
